event,nist.f1,nist.precision,nist.recall,wiki.f1,wiki.precision,wiki.recall
CrisisFACTS-010,0.30968138575553894,0.29736921191215515,0.3230571746826172,0.03343549743294716,0.017735738307237625,0.291262149810791
CrisisFACTS-011,0.24366910755634308,0.16874513030052185,0.438259094953537,,,
CrisisFACTS-012,0.370906800031662,0.43865200877189636,0.3212873339653015,,,
CrisisFACTS-013,0.3773306608200073,0.47500845789909363,0.3129728436470032,0.01287128683179617,0.006585612893104553,0.28260868787765503
CrisisFACTS-015,0.32614535093307495,0.2425234466791153,0.49777930974960327,0.008588889613747597,0.004327803384512663,0.5571428537368774
CrisisFACTS-016,0.31586235761642456,0.26116326451301575,0.3995445668697357,0.01736227050423622,0.008930616080760956,0.31075698137283325
CrisisFACTS-017,0.3940335512161255,0.48735907673835754,0.3307059109210968,0.01709115318953991,0.00871199183166027,0.44736841320991516
CrisisFACTS-018,0.3554883301258087,0.3505769670009613,0.3605392873287201,0.010878010652959347,0.0054949368350207806,0.5343511700630188
