event,nist.f1,nist.precision,nist.recall,wiki.f1,wiki.precision,wiki.recall
CrisisFACTS-010,0.30968138575553894,0.29736921191215515,0.3230571746826172,0.03343549743294716,0.017735738307237625,0.291262149810791
CrisisFACTS-011,0.24366910755634308,0.16874513030052185,0.438259094953537,,,
CrisisFACTS-012,0.370906800031662,0.43865200877189636,0.3212873339653015,,,
CrisisFACTS-013,0.3773306608200073,0.47500845789909363,0.3129728436470032,0.01287128683179617,0.006585612893104553,0.28260868787765503
CrisisFACTS-015,0.32614535093307495,0.2425234466791153,0.49777930974960327,0.008588889613747597,0.004327803384512663,0.5571428537368774
CrisisFACTS-016,0.31825563311576843,0.2848837077617645,0.36048343777656555,0.020334448665380478,0.01052048709243536,0.3027888536453247
CrisisFACTS-017,0.3940335512161255,0.48735907673835754,0.3307059109210968,0.01709115318953991,0.00871199183166027,0.44736841320991516
CrisisFACTS-018,0.3408079743385315,0.3892979323863983,0.3030596673488617,0.013505217619240284,0.006844343151897192,0.5038167834281921
