event,nist.f1,nist.precision,nist.recall,wiki.f1,wiki.precision,wiki.recall
CrisisFACTS-010,0.7268847823143005,0.7150810360908508,0.7390848398208618,0.6667913794517517,0.647372841835022,0.687410831451416
CrisisFACTS-013,0.6836975812911987,0.6851163506507874,0.6822846531867981,0.6194412112236023,0.5907710790634155,0.6510360836982727
