event,nist.f1,nist.precision,nist.recall,wiki.f1,wiki.precision,wiki.recall
CrisisFACTS-010,0.27624309062957764,0.3582395017147064,0.2247912585735321,0.05092592537403107,0.028147390112280846,0.2669903039932251
CrisisFACTS-011,0.16743169724941254,0.14736437797546387,0.19382591545581818,,,
CrisisFACTS-012,0.2335367202758789,0.5108145475387573,0.15137051045894623,,,
CrisisFACTS-013,0.2370825856924057,0.5101065635681152,0.1544281244277954,0.022385450080037117,0.011760381981730461,0.23188406229019165
CrisisFACTS-015,0.3130505383014679,0.38648152351379395,0.26306799054145813,0.019617458805441856,0.010038481093943119,0.4285714328289032
CrisisFACTS-016,0.20664961636066437,0.3827569782733917,0.14153091609477997,0.04149026423692703,0.023211747407913208,0.19521912932395935
CrisisFACTS-017,0.26199162006378174,0.5639846920967102,0.17062710225582123,0.027165932580828667,0.014176244847476482,0.3245614171028137
CrisisFACTS-018,0.16817420721054077,0.4944838583469391,0.10131589323282242,0.037467215210199356,0.01970055140554905,0.38167938590049744
