event,nist.f1,nist.precision,nist.recall,wiki.f1,wiki.precision,wiki.recall
CrisisFACTS-010,0.8052867650985718,0.8006007075309753,0.810028076171875,0.7424697875976562,0.7310268878936768,0.754276692867279
CrisisFACTS-011,0.7731232643127441,0.7658663988113403,0.7805190086364746,,,
CrisisFACTS-012,0.8085600137710571,0.803749680519104,0.8134282827377319,,,
CrisisFACTS-013,0.7996808290481567,0.7993745803833008,0.7999874353408813,0.7252477407455444,0.7079290151596069,0.7434351444244385
CrisisFACTS-015,0.8038163185119629,0.8186014294624329,0.7895557880401611,0.7661961317062378,0.7463946342468262,0.7870768308639526
CrisisFACTS-016,0.8385006189346313,0.8358165621757507,0.8412019610404968,0.7550361752510071,0.7560154795646667,0.754059374332428
CrisisFACTS-017,0.8342010378837585,0.8300163745880127,0.8384281396865845,0.7517049312591553,0.7126069068908691,0.7953423261642456
CrisisFACTS-018,0.8321964144706726,0.8301621079444885,0.8342407941818237,0.7391647100448608,0.703622579574585,0.7784885764122009
