event,nist.f1,nist.precision,nist.recall,wiki.f1,wiki.precision,wiki.recall
CrisisFACTS-010,0.7420228123664856,0.7173117995262146,0.7684972286224365,0.6787211894989014,0.6466333270072937,0.7141598463058472
CrisisFACTS-011,0.7791064381599426,0.7866237759590149,0.7717314958572388,,,
CrisisFACTS-015,0.7907036542892456,0.8017104268074036,0.7799950838088989,0.7502999901771545,0.7294612526893616,0.7723643779754639
CrisisFACTS-017,0.8036996126174927,0.784863293170929,0.8234622478485107,0.6830912828445435,0.6329562664031982,0.7418516874313354
CrisisFACTS-018,0.83127361536026,0.8308707475662231,0.8316768407821655,0.7286422848701477,0.688754677772522,0.7734339833259583
