event,nist.f1,nist.precision,nist.recall,wiki.f1,wiki.precision,wiki.recall
CrisisFACTS-010,0.2473132163286209,0.20720329880714417,0.30667951703071594,0.024091381579637527,0.012584074400365353,0.28155338764190674
CrisisFACTS-011,0.22372663021087646,0.30817052721977234,0.17560729384422302,,,
CrisisFACTS-017,0.38212794065475464,0.3820836842060089,0.38217225670814514,0.010293949395418167,0.005214972887188196,0.3947368562221527
CrisisFACTS-018,0.3216952681541443,0.4288981556892395,0.2573665976524353,0.01665785349905491,0.008475716225802898,0.48091602325439453
