event,nist.f1,nist.precision,nist.recall,wiki.f1,wiki.precision,wiki.recall
CrisisFACTS-010,0.2438282072544098,0.165480837225914,0.46307000517845154,0.016143497079610825,0.008262566290795803,0.34951457381248474
CrisisFACTS-011,0.15519532561302185,0.10522522777318954,0.2955465614795685,,,
CrisisFACTS-017,0.3989478647708893,0.37152570486068726,0.43074068427085876,0.010873863473534584,0.005498900078237057,0.48245614767074585
CrisisFACTS-018,0.33409610390663147,0.4208783209323883,0.27698394656181335,0.013763129711151123,0.006992149166762829,0.4351145029067993
