event,nist.f1,nist.precision,nist.recall,wiki.f1,wiki.precision,wiki.recall
CrisisFACTS-010,0.23235228657722473,0.3736654818058014,0.16859345138072968,0.04345127195119858,0.024911031126976013,0.16990290582180023
CrisisFACTS-013,0.2751626670360565,0.5722320079803467,0.18113039433956146,0.025477707386016846,0.013356766663491726,0.2753623127937317
