,run,nist.f1,nist.precision,nist.recall,wiki.f1,wiki.precision,wiki.recall
0,Thesis_Retriver,0.2830168753862381,0.2657775226980448,0.36658529937267303,0.01359349675476551,0.006917871845265229,0.4223617414633433
