run,nist.f1,nist.precision,nist.recall,wiki.f1,wiki.precision,wiki.recall
Thesis_Retriver,0.7850417196750641,0.776022732257843,0.795043408870697,0.7146142323811849,0.6777742107709249,0.7557047208150228
