run,nist.f1,nist.precision,nist.recall,wiki.f1,wiki.precision,wiki.recall
,0.8119206577539444,0.8105234801769257,0.8134236857295036,0.7466365794340769,0.7262659172217051,0.7687798241774241
