,run,nist.f1,nist.precision,nist.recall,wiki.f1,wiki.precision,wiki.recall
0,,0.33663969300687313,0.3401746954768896,0.37301819026470184,0.016704518037537735,0.008631116555382809,0.40391504267851513
