run,nist.f1,nist.precision,nist.recall,wiki.f1,wiki.precision,wiki.recall
,0.2537574768066406,0.47294874489307404,0.17486192286014557,0.03446448966860771,0.01913389889523387,0.22263260930776596
