,run,nist.f1,nist.precision,nist.recall,wiki.f1,wiki.precision,wiki.recall
0,,0.33510380797088146,0.34797987155616283,0.3609505966305733,0.0176377488921086,0.009120996110141277,0.39749795695145923
