run,nist.f1,nist.precision,nist.recall,wiki.f1,wiki.precision,wiki.recall
,0.7052911818027496,0.7000986933708191,0.71068474650383,0.643116295337677,0.6190719604492188,0.6692234575748444
