,run,nist.f1,nist.precision,nist.recall,wiki.f1,wiki.precision,wiki.recall
0,Thesis_Retriver,0.25656784474849703,0.1601722028106451,0.9388437330722809,0.0202999907778576,0.010481141856871545,0.398652583360672
