metric,value,event,target.summary,run
f1,0.05092592537403107,CrisisFACTS-010,wiki,
precision,0.028147390112280846,CrisisFACTS-010,wiki,
recall,0.2669903039932251,CrisisFACTS-010,wiki,
f1,0.0,CrisisFACTS-011,wiki,
precision,0.0,CrisisFACTS-011,wiki,
recall,0.0,CrisisFACTS-011,wiki,
f1,0.0,CrisisFACTS-012,wiki,
precision,0.0,CrisisFACTS-012,wiki,
recall,0.0,CrisisFACTS-012,wiki,
f1,0.022385450080037117,CrisisFACTS-013,wiki,
precision,0.011760381981730461,CrisisFACTS-013,wiki,
recall,0.23188406229019165,CrisisFACTS-013,wiki,
f1,0.019617458805441856,CrisisFACTS-015,wiki,
precision,0.010038481093943119,CrisisFACTS-015,wiki,
recall,0.4285714328289032,CrisisFACTS-015,wiki,
f1,0.04149026423692703,CrisisFACTS-016,wiki,
precision,0.023211747407913208,CrisisFACTS-016,wiki,
recall,0.19521912932395935,CrisisFACTS-016,wiki,
f1,0.027165932580828667,CrisisFACTS-017,wiki,
precision,0.014176244847476482,CrisisFACTS-017,wiki,
recall,0.3245614171028137,CrisisFACTS-017,wiki,
f1,0.037467215210199356,CrisisFACTS-018,wiki,
precision,0.01970055140554905,CrisisFACTS-018,wiki,
recall,0.38167938590049744,CrisisFACTS-018,wiki,
f1,0.27624309062957764,CrisisFACTS-010,nist,
precision,0.3582395017147064,CrisisFACTS-010,nist,
recall,0.2247912585735321,CrisisFACTS-010,nist,
f1,0.16743169724941254,CrisisFACTS-011,nist,
precision,0.14736437797546387,CrisisFACTS-011,nist,
recall,0.19382591545581818,CrisisFACTS-011,nist,
f1,0.2335367202758789,CrisisFACTS-012,nist,
precision,0.5108145475387573,CrisisFACTS-012,nist,
recall,0.15137051045894623,CrisisFACTS-012,nist,
f1,0.2370825856924057,CrisisFACTS-013,nist,
precision,0.5101065635681152,CrisisFACTS-013,nist,
recall,0.1544281244277954,CrisisFACTS-013,nist,
f1,0.3130505383014679,CrisisFACTS-015,nist,
precision,0.38648152351379395,CrisisFACTS-015,nist,
recall,0.26306799054145813,CrisisFACTS-015,nist,
f1,0.20664961636066437,CrisisFACTS-016,nist,
precision,0.3827569782733917,CrisisFACTS-016,nist,
recall,0.14153091609477997,CrisisFACTS-016,nist,
f1,0.26199162006378174,CrisisFACTS-017,nist,
precision,0.5639846920967102,CrisisFACTS-017,nist,
recall,0.17062710225582123,CrisisFACTS-017,nist,
f1,0.16817420721054077,CrisisFACTS-018,nist,
precision,0.4944838583469391,CrisisFACTS-018,nist,
recall,0.10131589323282242,CrisisFACTS-018,nist,
