metric,value,event,target.summary,run
precision,0.024911031126976013,CrisisFACTS-010,wiki,
recall,0.16990290582180023,CrisisFACTS-010,wiki,
f1,0.04345127195119858,CrisisFACTS-010,wiki,
precision,0.013356766663491726,CrisisFACTS-013,wiki,
recall,0.2753623127937317,CrisisFACTS-013,wiki,
f1,0.025477707386016846,CrisisFACTS-013,wiki,
precision,0.3736654818058014,CrisisFACTS-010,nist,
recall,0.16859345138072968,CrisisFACTS-010,nist,
f1,0.23235228657722473,CrisisFACTS-010,nist,
precision,0.5722320079803467,CrisisFACTS-013,nist,
recall,0.18113039433956146,CrisisFACTS-013,nist,
f1,0.2751626670360565,CrisisFACTS-013,nist,
